{"cameraMode":{"drawMode":0,"name":"Shaded","section":"Shading Mode"},"sceneLighting":true,"audioPlay":false,"sceneViewState":{"showFog":true,"showMaterialUpdate":false,"showSkybox":true,"showFlares":true,"showImageEffects":true,"showParticleSystems":true},"in2DMode":false,"pivot":{"x":1079.98193359375,"y":536.404296875,"z":-361.47833251953127},"rotation":{"x":0.05964059382677078,"y":0.023057999089360238,"z":0.0013469330733641983,"w":-0.9979715943336487},"size":751.7937622070313,"orthographic":false}