{"cameraMode":{"drawMode":0,"name":"Shaded","section":"Shading Mode"},"sceneLighting":true,"audioPlay":false,"sceneViewState":{"showFog":true,"showMaterialUpdate":false,"showSkybox":true,"showFlares":true,"showImageEffects":true,"showParticleSystems":true},"in2DMode":false,"pivot":{"x":-2.241300582885742,"y":10.793265342712403,"z":189.53103637695313},"rotation":{"x":-0.021706517785787584,"y":-0.9495391249656677,"z":0.0673399567604065,"w":-0.30562278628349306},"size":7.659615993499756,"orthographic":false}