{"cameraMode":{"drawMode":0,"name":"Shaded","section":"Shading Mode"},"sceneLighting":true,"audioPlay":false,"sceneViewState":{"showFog":true,"showMaterialUpdate":false,"showSkybox":true,"showFlares":true,"showImageEffects":true,"showParticleSystems":true},"in2DMode":false,"pivot":{"x":-13.815200805664063,"y":-3.6347484588623049,"z":187.05419921875},"rotation":{"x":-0.07074400037527085,"y":-0.015864137560129167,"z":0.0010879547335207463,"w":-0.9973905086517334},"size":11.1319580078125,"orthographic":false}