{"cameraMode":{"drawMode":0,"name":"Shaded","section":"Shading Mode"},"sceneLighting":true,"audioPlay":false,"sceneViewState":{"showFog":true,"showMaterialUpdate":false,"showSkybox":true,"showFlares":true,"showImageEffects":true,"showParticleSystems":true},"in2DMode":false,"pivot":{"x":-11.525590896606446,"y":2.7763757705688478,"z":185.38511657714845},"rotation":{"x":-0.08959576487541199,"y":0.7205549478530884,"z":-0.09479667991399765,"w":-0.681021511554718},"size":31.137468338012697,"orthographic":false}