{"cameraMode":{"drawMode":0,"name":"Shaded","section":"Shading Mode"},"sceneLighting":true,"audioPlay":false,"sceneViewState":{"showFog":true,"showMaterialUpdate":false,"showSkybox":true,"showFlares":true,"showImageEffects":true,"showParticleSystems":true},"in2DMode":false,"pivot":{"x":-54.25007629394531,"y":-36.15898132324219,"z":236.261474609375},"rotation":{"x":-0.30458226799964907,"y":0.3633355498313904,"z":-0.1270184963941574,"w":-0.871255099773407},"size":347.1045227050781,"orthographic":false}