{"cameraMode":{"drawMode":0,"name":"Shaded","section":"Shading Mode"},"sceneLighting":true,"audioPlay":false,"sceneViewState":{"showFog":true,"showMaterialUpdate":false,"showSkybox":true,"showFlares":true,"showImageEffects":true,"showParticleSystems":true},"in2DMode":false,"pivot":{"x":1027.4913330078125,"y":496.7225341796875,"z":-277.8206787109375},"rotation":{"x":0.20358455181121827,"y":0.040225353091955188,"z":0.008373704738914967,"w":-0.9782121181488037},"size":491.58831787109377,"orthographic":false}