{"cameraMode":{"drawMode":0,"name":"Shaded","section":"Shading Mode"},"sceneLighting":true,"audioPlay":false,"sceneViewState":{"showFog":true,"showMaterialUpdate":false,"showSkybox":true,"showFlares":true,"showImageEffects":true,"showParticleSystems":true},"in2DMode":false,"pivot":{"x":-10.383993148803711,"y":7.674448013305664,"z":189.37550354003907},"rotation":{"x":-0.15234607458114625,"y":0.2753223180770874,"z":-0.044235967099666598,"w":-0.9481834173202515},"size":16.379831314086915,"orthographic":false}
