{"cameraMode":{"drawMode":0,"name":"Shaded","section":"Shading Mode"},"sceneLighting":false,"audioPlay":false,"sceneViewState":{"showFog":true,"showMaterialUpdate":false,"showSkybox":false,"showFlares":true,"showImageEffects":true,"showParticleSystems":true},"in2DMode":false,"pivot":{"x":995.7503051757813,"y":419.2851867675781,"z":216.97796630859376},"rotation":{"x":-0.05877446010708809,"y":0.0065854387357831,"z":-0.000387736625270918,"w":-0.9982506036758423},"size":1151.9228515625,"orthographic":false}