{"cameraMode":{"drawMode":0,"name":"Shaded","section":"Shading Mode"},"sceneLighting":true,"audioPlay":false,"sceneViewState":{"showFog":true,"showMaterialUpdate":false,"showSkybox":true,"showFlares":true,"showImageEffects":true,"showParticleSystems":true},"in2DMode":false,"pivot":{"x":19.598913192749025,"y":5.356779098510742,"z":157.4080352783203},"rotation":{"x":-0.06026972085237503,"y":0.01257241703569889,"z":-0.0008007113356143236,"w":-0.9981269240379334},"size":0.054256558418273929,"orthographic":false}

﻿{"cameraMode":{"drawMode":0,"name":"Shaded","section":"Shading Mode"},"sceneLighting":true,"audioPlay":false,"sceneViewState":{"showFog":true,"showMaterialUpdate":false,"showSkybox":true,"showFlares":true,"showImageEffects":true,"showParticleSystems":true},"in2DMode":false,"pivot":{"x":-13.815200805664063,"y":-3.6347484588623049,"z":187.05419921875},"rotation":{"x":-0.07074400037527085,"y":-0.015864137560129167,"z":0.0010879547335207463,"w":-0.9973905086517334},"size":11.1319580078125,"orthographic":false}

