{"cameraMode":{"drawMode":0,"name":"Shaded","section":"Shading Mode"},"sceneLighting":true,"audioPlay":false,"sceneViewState":{"showFog":true,"showMaterialUpdate":false,"showSkybox":true,"showFlares":true,"showImageEffects":true,"showParticleSystems":true},"in2DMode":false,"pivot":{"x":-2.021454095840454,"y":3.7899329662323,"z":175.57794189453126},"rotation":{"x":0.245670348405838,"y":-0.2753792703151703,"z":-0.07305756211280823,"w":-0.9265616536140442},"size":0.24574343860149384,"orthographic":false}